album_name,danceability_mean,energy_mean,loudness_mean,speechiness_mean,acousticness_mean,instrumentalness_mean,liveness_mean,valence_mean,tempo_mean,mode_mode,key_mode,time_signature_mode,name,images
"Another Self Portrait (1969-1971): The Bootleg Series, Vol. 10 [Deluxe Edition]",0.5142,0.434336,-9.63894,0.0516519999999999,0.7634000000000001,0.0118452169999999,0.376478,0.5056080000000001,120.4424,1,0,4,"Another Self Portrait (1969-1971): The Bootleg Series, Vol. 10 [Deluxe Edition]","[{'height': 640, 'url': 'https://i.scdn.co/image/ab67616d0000b273e78de4dfda8fd05bdd9cc2f4', 'width': 640}, {'height': 300, 'url': 'https://i.scdn.co/image/ab67616d00001e02e78de4dfda8fd05bdd9cc2f4', 'width': 300}, {'height': 64, 'url': 'https://i.scdn.co/image/ab67616d00004851e78de4dfda8fd05bdd9cc2f4', 'width': 64}]"
Another Side Of Bob Dylan,0.5179090909090909,0.4259090909090908,-8.18909090909091,0.0390818181818181,0.7396363636363635,3.1e-05,0.1076545454545454,0.4613636363636363,133.917,1,7,4,Another Side Of Bob Dylan,"[{'height': 640, 'url': 'https://i.scdn.co/image/ab67616d0000b273b63a920ec5459261707a4eaf', 'width': 640}, {'height': 300, 'url': 'https://i.scdn.co/image/ab67616d00001e02b63a920ec5459261707a4eaf', 'width': 300}, {'height': 64, 'url': 'https://i.scdn.co/image/ab67616d00004851b63a920ec5459261707a4eaf', 'width': 64}]"
Before The Flood (Live),0.4107619047619047,0.8876190476190476,-7.254238095238096,0.1903952380952381,0.1843509523809524,0.0002701209523809,0.9278571428571428,0.4544761904761905,133.5572857142857,1,7,4,Before The Flood (Live),"[{'height': 640, 'url': 'https://i.scdn.co/image/ab67616d0000b27355ecddc0466561dd83c773e4', 'width': 640}, {'height': 300, 'url': 'https://i.scdn.co/image/ab67616d00001e0255ecddc0466561dd83c773e4', 'width': 300}, {'height': 64, 'url': 'https://i.scdn.co/image/ab67616d0000485155ecddc0466561dd83c773e4', 'width': 64}]"
Blonde On Blonde,0.4805,0.6122857142857142,-8.993285714285713,0.0377428571428571,0.4128785714285715,1.8547857142857143e-05,0.1702499999999999,0.6684285714285715,123.02714285714286,1,2,4,Blonde On Blonde,"[{'height': 640, 'url': 'https://i.scdn.co/image/ab67616d0000b273c51563a479fa5a4917311197', 'width': 640}, {'height': 300, 'url': 'https://i.scdn.co/image/ab67616d00001e02c51563a479fa5a4917311197', 'width': 300}, {'height': 64, 'url': 'https://i.scdn.co/image/ab67616d00004851c51563a479fa5a4917311197', 'width': 64}]"
Blood On The Tracks,0.469,0.3988,-15.4441,0.04401,0.49549,0.0003953359999999,0.0903799999999999,0.5431,123.54189999999998,1,4,4,Blood On The Tracks,"[{'height': 640, 'url': 'https://i.scdn.co/image/ab67616d0000b27372ca15b8637acbc7d15ff5ba', 'width': 640}, {'height': 300, 'url': 'https://i.scdn.co/image/ab67616d00001e0272ca15b8637acbc7d15ff5ba', 'width': 300}, {'height': 64, 'url': 'https://i.scdn.co/image/ab67616d0000485172ca15b8637acbc7d15ff5ba', 'width': 64}]"
Bob Dylan,0.536076923076923,0.4818461538461538,-8.533153846153846,0.0382384615384615,0.8294615384615385,0.0073475761538461,0.1487076923076923,0.6125384615384616,120.83338461538462,1,7,4,Bob Dylan,"[{'height': 640, 'url': 'https://i.scdn.co/image/ab67616d0000b273f86dfb435345270049a75af9', 'width': 640}, {'height': 300, 'url': 'https://i.scdn.co/image/ab67616d00001e02f86dfb435345270049a75af9', 'width': 300}, {'height': 64, 'url': 'https://i.scdn.co/image/ab67616d00004851f86dfb435345270049a75af9', 'width': 64}]"
Bob Dylan At Budokan (Live),0.4707727272727272,0.6047272727272728,-8.277090909090909,0.06175,0.5242727272727273,0.0077622372727272,0.7645909090909092,0.6215909090909091,116.62909090909092,1,0,4,Bob Dylan At Budokan (Live),"[{'height': 640, 'url': 'https://i.scdn.co/image/ab67616d0000b273fdfc5fbc19dd82b6537e16ea', 'width': 640}, {'height': 300, 'url': 'https://i.scdn.co/image/ab67616d00001e02fdfc5fbc19dd82b6537e16ea', 'width': 300}, {'height': 64, 'url': 'https://i.scdn.co/image/ab67616d00004851fdfc5fbc19dd82b6537e16ea', 'width': 64}]"
Bob Dylan In Concert: Brandeis University 1963 (Live),0.535,0.3975714285714286,-13.185,0.1863285714285714,0.6198571428571429,0.0005962857142857,0.2531428571428571,0.4995714285714285,109.56228571428572,1,7,4,Bob Dylan In Concert: Brandeis University 1963 (Live),"[{'height': 640, 'url': 'https://i.scdn.co/image/ab67616d0000b273435a96e463ed68ef39430f6a', 'width': 640}, {'height': 300, 'url': 'https://i.scdn.co/image/ab67616d00001e02435a96e463ed68ef39430f6a', 'width': 300}, {'height': 64, 'url': 'https://i.scdn.co/image/ab67616d00004851435a96e463ed68ef39430f6a', 'width': 64}]"
Bob Dylan Live At Carnegie Hall 1963,0.4953333333333333,0.2161166666666666,-13.752833333333331,0.0520833333333333,0.8453333333333334,6.028333333333333e-05,0.8451666666666666,0.45,148.4265,1,10,3,Bob Dylan Live At Carnegie Hall 1963,"[{'height': 640, 'url': 'https://i.scdn.co/image/ab67616d0000b27337d1a94ea2bc1d745de382d6', 'width': 640}, {'height': 300, 'url': 'https://i.scdn.co/image/ab67616d00001e0237d1a94ea2bc1d745de382d6', 'width': 300}, {'height': 64, 'url': 'https://i.scdn.co/image/ab67616d0000485137d1a94ea2bc1d745de382d6', 'width': 64}]"
Bringing It All Back Home,0.6111818181818182,0.4853636363636364,-12.69609090909091,0.0504727272727272,0.6259090909090909,6.145454545454545e-07,0.1637636363636363,0.6611818181818182,136.35654545454543,1,4,4,Bringing It All Back Home,"[{'height': 640, 'url': 'https://i.scdn.co/image/ab67616d0000b2736960c5f4eb72f0c06aa92181', 'width': 640}, {'height': 300, 'url': 'https://i.scdn.co/image/ab67616d00001e026960c5f4eb72f0c06aa92181', 'width': 300}, {'height': 64, 'url': 'https://i.scdn.co/image/ab67616d000048516960c5f4eb72f0c06aa92181', 'width': 64}]"
Christmas In The Heart,0.5468666666666666,0.4732,-6.691800000000001,0.0346866666666666,0.7452000000000001,0.0,0.1371133333333333,0.4987333333333333,100.30386666666666,1,7,4,Christmas In The Heart,"[{'height': 640, 'url': 'https://i.scdn.co/image/ab67616d0000b273cfff88f4afc7f485b123309a', 'width': 640}, {'height': 300, 'url': 'https://i.scdn.co/image/ab67616d00001e02cfff88f4afc7f485b123309a', 'width': 300}, {'height': 64, 'url': 'https://i.scdn.co/image/ab67616d00004851cfff88f4afc7f485b123309a', 'width': 64}]"
Desire,0.5258888888888889,0.6307777777777778,-8.600777777777777,0.0379444444444444,0.155,6.505777777777777e-05,0.1585333333333333,0.5866666666666667,134.80588888888892,1,7,4,Desire,"[{'height': 640, 'url': 'https://i.scdn.co/image/ab67616d0000b2738e1a23e42f68260b7b274e09', 'width': 640}, {'height': 300, 'url': 'https://i.scdn.co/image/ab67616d00001e028e1a23e42f68260b7b274e09', 'width': 300}, {'height': 64, 'url': 'https://i.scdn.co/image/ab67616d000048518e1a23e42f68260b7b274e09', 'width': 64}]"
Down In The Groove,0.5633,0.5127200000000001,-12.2574,0.04348,0.37046,0.000221148,0.11333,0.5649,118.1985,1,9,4,Down In The Groove,"[{'height': 640, 'url': 'https://i.scdn.co/image/ab67616d0000b2738f30f2289bcb57b555844a55', 'width': 640}, {'height': 300, 'url': 'https://i.scdn.co/image/ab67616d00001e028f30f2289bcb57b555844a55', 'width': 300}, {'height': 64, 'url': 'https://i.scdn.co/image/ab67616d000048518f30f2289bcb57b555844a55', 'width': 64}]"
Dylan & The Dead (Live),0.4777142857142857,0.5191428571428571,-13.934142857142858,0.0555285714285714,0.1436414285714285,0.0031918471428571,0.9475714285714286,0.5004285714285714,139.044,1,2,4,Dylan & The Dead (Live),"[{'height': 640, 'url': 'https://i.scdn.co/image/ab67616d0000b27378835a7d6df72f22995643fd', 'width': 640}, {'height': 300, 'url': 'https://i.scdn.co/image/ab67616d00001e0278835a7d6df72f22995643fd', 'width': 300}, {'height': 64, 'url': 'https://i.scdn.co/image/ab67616d0000485178835a7d6df72f22995643fd', 'width': 64}]"
Dylan (1973),0.4648888888888889,0.5564444444444444,-9.918444444444445,0.0419111111111111,0.4891111111111111,5.227111111111111e-05,0.1915666666666666,0.5216666666666667,116.24055555555556,1,0,4,Dylan (1973),"[{'height': 640, 'url': 'https://i.scdn.co/image/ab67616d0000b2739e72ae4ecf92f9399b04d4b7', 'width': 640}, {'height': 300, 'url': 'https://i.scdn.co/image/ab67616d00001e029e72ae4ecf92f9399b04d4b7', 'width': 300}, {'height': 64, 'url': 'https://i.scdn.co/image/ab67616d000048519e72ae4ecf92f9399b04d4b7', 'width': 64}]"
Empire Burlesque,0.5567,0.59029,-12.8074,0.04643,0.21188,4.1674e-05,0.16597,0.6063,126.8401,1,4,4,Empire Burlesque,"[{'height': 640, 'url': 'https://i.scdn.co/image/ab67616d0000b273643fea9543f5050ec89929d9', 'width': 640}, {'height': 300, 'url': 'https://i.scdn.co/image/ab67616d00001e02643fea9543f5050ec89929d9', 'width': 300}, {'height': 64, 'url': 'https://i.scdn.co/image/ab67616d00004851643fea9543f5050ec89929d9', 'width': 64}]"
Fallen Angels,0.51875,0.086875,-21.90083333333333,0.0414666666666666,0.8382499999999999,2.0878333333333333e-05,0.1279166666666666,0.3195,97.95941666666666,1,0,4,Fallen Angels,"[{'height': 640, 'url': 'https://i.scdn.co/image/ab67616d0000b27390e16023e3a2b202820c15ed', 'width': 640}, {'height': 300, 'url': 'https://i.scdn.co/image/ab67616d00001e0290e16023e3a2b202820c15ed', 'width': 300}, {'height': 64, 'url': 'https://i.scdn.co/image/ab67616d0000485190e16023e3a2b202820c15ed', 'width': 64}]"
"Fragments - Time Out of Mind Sessions (1996-1997): The Bootleg Series, Vol. 17",0.5257826086956522,0.600695652173913,-8.22008695652174,0.0375347826086956,0.4496130434782609,0.0258522030434782,0.1457695652173913,0.4599130434782608,120.53339130434784,1,4,4,"Fragments - Time Out of Mind Sessions (1996-1997): The Bootleg Series, Vol. 17","[{'height': 640, 'url': 'https://i.scdn.co/image/ab67616d0000b273edb584ee826b6b32126bafd6', 'width': 640}, {'height': 300, 'url': 'https://i.scdn.co/image/ab67616d00001e02edb584ee826b6b32126bafd6', 'width': 300}, {'height': 64, 'url': 'https://i.scdn.co/image/ab67616d00004851edb584ee826b6b32126bafd6', 'width': 64}]"
"Fragments - Time Out of Mind Sessions (1996-1997): The Bootleg Series, Vol. 17 (Deluxe Edition)",0.50808,0.60844,-8.342039999999999,0.043668,0.4446549999999999,0.0319744268,0.295258,0.4711999999999999,122.99878,1,4,4,"Fragments - Time Out of Mind Sessions (1996-1997): The Bootleg Series, Vol. 17 (Deluxe Edition)","[{'height': 640, 'url': 'https://i.scdn.co/image/ab67616d0000b273ca319c649fbaa3c9829cf370', 'width': 640}, {'height': 300, 'url': 'https://i.scdn.co/image/ab67616d00001e02ca319c649fbaa3c9829cf370', 'width': 300}, {'height': 64, 'url': 'https://i.scdn.co/image/ab67616d00004851ca319c649fbaa3c9829cf370', 'width': 64}]"
Good As I Been To You,0.5446153846153846,0.2857692307692308,-13.119,0.0307692307692307,0.8035384615384615,0.0153124523076923,0.1493076923076923,0.4489230769230769,114.5986923076923,1,10,4,Good As I Been To You,"[{'height': 640, 'url': 'https://i.scdn.co/image/ab67616d0000b2735bc5cac089022a15ce1e845b', 'width': 640}, {'height': 300, 'url': 'https://i.scdn.co/image/ab67616d00001e025bc5cac089022a15ce1e845b', 'width': 300}, {'height': 64, 'url': 'https://i.scdn.co/image/ab67616d000048515bc5cac089022a15ce1e845b', 'width': 64}]"
Hard Rain (Live),0.4543333333333332,0.7148888888888889,-9.508444444444445,0.0528888888888888,0.3826666666666666,0.0003692633333333,0.7894444444444444,0.5951111111111111,126.5317777777778,1,4,4,Hard Rain (Live),"[{'height': 640, 'url': 'https://i.scdn.co/image/ab67616d0000b273f875d49fa073fe8484870041', 'width': 640}, {'height': 300, 'url': 'https://i.scdn.co/image/ab67616d00001e02f875d49fa073fe8484870041', 'width': 300}, {'height': 64, 'url': 'https://i.scdn.co/image/ab67616d00004851f875d49fa073fe8484870041', 'width': 64}]"
Highway 61 Revisited,0.4474444444444445,0.6685555555555555,-7.163333333333333,0.0362666666666666,0.6655555555555556,1.0878888888888888e-05,0.2558777777777778,0.5685555555555556,105.48577777777776,1,0,4,Highway 61 Revisited,"[{'height': 640, 'url': 'https://i.scdn.co/image/ab67616d0000b27341720ef0ae31e10d39e43ca2', 'width': 640}, {'height': 300, 'url': 'https://i.scdn.co/image/ab67616d00001e0241720ef0ae31e10d39e43ca2', 'width': 300}, {'height': 64, 'url': 'https://i.scdn.co/image/ab67616d0000485141720ef0ae31e10d39e43ca2', 'width': 64}]"
Infidels,0.632375,0.559875,-10.78725,0.0405875,0.1839375,5.2767500000000006e-05,0.1913,0.68525,117.18575,1,10,4,Infidels,"[{'height': 640, 'url': 'https://i.scdn.co/image/ab67616d0000b273e05b304c49b2afe53469b28f', 'width': 640}, {'height': 300, 'url': 'https://i.scdn.co/image/ab67616d00001e02e05b304c49b2afe53469b28f', 'width': 300}, {'height': 64, 'url': 'https://i.scdn.co/image/ab67616d00004851e05b304c49b2afe53469b28f', 'width': 64}]"
John Wesley Harding,0.5419166666666667,0.3533333333333333,-13.315166666666668,0.0371083333333333,0.4528333333333333,0.0002722,0.1157416666666666,0.64175,144.20416666666668,1,5,4,John Wesley Harding,"[{'height': 640, 'url': 'https://i.scdn.co/image/ab67616d0000b27381efb7dfa40bbfa10a199e38', 'width': 640}, {'height': 300, 'url': 'https://i.scdn.co/image/ab67616d00001e0281efb7dfa40bbfa10a199e38', 'width': 300}, {'height': 64, 'url': 'https://i.scdn.co/image/ab67616d0000485181efb7dfa40bbfa10a199e38', 'width': 64}]"
Knocked Out Loaded,0.553,0.626125,-11.43075,0.0376125,0.1950906625,3.5425e-05,0.1820999999999999,0.6905,133.217625,1,7,4,Knocked Out Loaded,"[{'height': 640, 'url': 'https://i.scdn.co/image/ab67616d0000b273cfff54d681fe3dd558e0949a', 'width': 640}, {'height': 300, 'url': 'https://i.scdn.co/image/ab67616d00001e02cfff54d681fe3dd558e0949a', 'width': 300}, {'height': 64, 'url': 'https://i.scdn.co/image/ab67616d00004851cfff54d681fe3dd558e0949a', 'width': 64}]"
Love And Theft,0.5750833333333333,0.6509166666666667,-8.88225,0.0528166666666666,0.3251366666666667,0.0006357658333333,0.1321083333333333,0.54225,103.52166666666666,1,0,4,Love And Theft,"[{'height': 640, 'url': 'https://i.scdn.co/image/ab67616d0000b273bc66153fea3a00492f35a9f8', 'width': 640}, {'height': 300, 'url': 'https://i.scdn.co/image/ab67616d00001e02bc66153fea3a00492f35a9f8', 'width': 300}, {'height': 64, 'url': 'https://i.scdn.co/image/ab67616d00004851bc66153fea3a00492f35a9f8', 'width': 64}]"
MTV Unplugged (Live),0.4950909090909091,0.6521818181818181,-11.258909090909093,0.0461454545454545,0.5492727272727272,0.064251,0.8164545454545454,0.5304545454545454,128.4512727272727,1,9,4,MTV Unplugged (Live),"[{'height': 640, 'url': 'https://i.scdn.co/image/ab67616d0000b273de2e5d954dfadb5ed5a16b64', 'width': 640}, {'height': 300, 'url': 'https://i.scdn.co/image/ab67616d00001e02de2e5d954dfadb5ed5a16b64', 'width': 300}, {'height': 64, 'url': 'https://i.scdn.co/image/ab67616d00004851de2e5d954dfadb5ed5a16b64', 'width': 64}]"
Modern Times,0.6252,0.563,-9.3724,0.03918,0.4751999999999999,0.005244769,0.19666,0.546,121.1677,1,5,4,Modern Times,"[{'height': 640, 'url': 'https://i.scdn.co/image/ab67616d0000b2736996cd6e6a1423a0c047cbcc', 'width': 640}, {'height': 300, 'url': 'https://i.scdn.co/image/ab67616d00001e026996cd6e6a1423a0c047cbcc', 'width': 300}, {'height': 64, 'url': 'https://i.scdn.co/image/ab67616d000048516996cd6e6a1423a0c047cbcc', 'width': 64}]"
"More Blood, More Tracks: The Bootleg Series, Vol. 14 (Sampler)",0.5039,0.3349,-13.1018,0.0402799999999999,0.5736,0.001293677,0.12821,0.4812999999999999,120.9909,1,4,4,"More Blood, More Tracks: The Bootleg Series, Vol. 14 (Sampler)","[{'height': 640, 'url': 'https://i.scdn.co/image/ab67616d0000b2736724f11842fdbc0c49653ac1', 'width': 640}, {'height': 300, 'url': 'https://i.scdn.co/image/ab67616d00001e026724f11842fdbc0c49653ac1', 'width': 300}, {'height': 64, 'url': 'https://i.scdn.co/image/ab67616d000048516724f11842fdbc0c49653ac1', 'width': 64}]"
Nashville Skyline,0.5782999999999999,0.3044,-20.4086,0.04532,0.6035,0.13269363,0.17326,0.6062000000000001,123.3847,1,0,4,Nashville Skyline,"[{'height': 640, 'url': 'https://i.scdn.co/image/ab67616d0000b27322debe1325cc21c9bb0c0b07', 'width': 640}, {'height': 300, 'url': 'https://i.scdn.co/image/ab67616d00001e0222debe1325cc21c9bb0c0b07', 'width': 300}, {'height': 64, 'url': 'https://i.scdn.co/image/ab67616d0000485122debe1325cc21c9bb0c0b07', 'width': 64}]"
New Morning,0.50425,0.4278333333333333,-11.168416666666666,0.040275,0.62025,0.0467488249999999,0.138075,0.6008333333333333,118.5515,1,0,4,New Morning,"[{'height': 640, 'url': 'https://i.scdn.co/image/ab67616d0000b273be634898c4b925ad6611ac64', 'width': 640}, {'height': 300, 'url': 'https://i.scdn.co/image/ab67616d00001e02be634898c4b925ad6611ac64', 'width': 300}, {'height': 64, 'url': 'https://i.scdn.co/image/ab67616d00004851be634898c4b925ad6611ac64', 'width': 64}]"
No Direction Home: Bootleg Volume 7 (Movie Soundtrack),0.4953571428571429,0.4820714285714285,-10.325428571428573,0.046525,0.5981971428571429,0.1301564792857143,0.3570035714285714,0.5167499999999999,120.38442857142856,1,7,4,No Direction Home: Bootleg Volume 7 (Movie Soundtrack),"[{'height': 640, 'url': 'https://i.scdn.co/image/ab67616d0000b27370a26639e06a441817daed5c', 'width': 640}, {'height': 300, 'url': 'https://i.scdn.co/image/ab67616d00001e0270a26639e06a441817daed5c', 'width': 300}, {'height': 64, 'url': 'https://i.scdn.co/image/ab67616d0000485170a26639e06a441817daed5c', 'width': 64}]"
Oh Mercy,0.5558,0.4625,-11.7226,0.0567999999999999,0.181134,0.038932232,0.15589,0.28868,126.7855,1,1,4,Oh Mercy,"[{'height': 640, 'url': 'https://i.scdn.co/image/ab67616d0000b2735954a6441cc1d88011841d1c', 'width': 640}, {'height': 300, 'url': 'https://i.scdn.co/image/ab67616d00001e025954a6441cc1d88011841d1c', 'width': 300}, {'height': 64, 'url': 'https://i.scdn.co/image/ab67616d000048515954a6441cc1d88011841d1c', 'width': 64}]"
Pat Garrett & Billy The Kid (Soundtrack From The Motion Picture),0.5305,0.2802,-15.5329,0.03648,0.6467,0.541523238,0.11433,0.4815,131.1067,1,7,4,Pat Garrett & Billy The Kid (Soundtrack From The Motion Picture),"[{'height': 640, 'url': 'https://i.scdn.co/image/ab67616d0000b2736c86683d20c72e3874c11c6d', 'width': 640}, {'height': 300, 'url': 'https://i.scdn.co/image/ab67616d00001e026c86683d20c72e3874c11c6d', 'width': 300}, {'height': 64, 'url': 'https://i.scdn.co/image/ab67616d000048516c86683d20c72e3874c11c6d', 'width': 64}]"
Planet Waves,0.564,0.613090909090909,-8.832545454545455,0.057390909090909,0.5527272727272727,0.0240295918181818,0.1582545454545454,0.704,124.5090909090909,1,2,4,Planet Waves,"[{'height': 640, 'url': 'https://i.scdn.co/image/ab67616d0000b2734042ca1eaf2d769794da7930', 'width': 640}, {'height': 300, 'url': 'https://i.scdn.co/image/ab67616d00001e024042ca1eaf2d769794da7930', 'width': 300}, {'height': 64, 'url': 'https://i.scdn.co/image/ab67616d000048514042ca1eaf2d769794da7930', 'width': 64}]"
Real Live,0.4448,0.6338,-11.6368,0.0465799999999999,0.282065,0.000171412,0.7352000000000001,0.5641,122.2763,1,7,4,Real Live,"[{'height': 640, 'url': 'https://i.scdn.co/image/ab67616d0000b273ab74ab75ea6f4a899a877a67', 'width': 640}, {'height': 300, 'url': 'https://i.scdn.co/image/ab67616d00001e02ab74ab75ea6f4a899a877a67', 'width': 300}, {'height': 64, 'url': 'https://i.scdn.co/image/ab67616d00004851ab74ab75ea6f4a899a877a67', 'width': 64}]"
Rough and Rowdy Ways,0.5402,0.22666,-17.7624,0.10382,0.7293000000000001,0.000187672,0.11128,0.32406,115.5763,1,0,4,Rough and Rowdy Ways,"[{'height': 640, 'url': 'https://i.scdn.co/image/ab67616d0000b273de53828a4a84a66179dcdfde', 'width': 640}, {'height': 300, 'url': 'https://i.scdn.co/image/ab67616d00001e02de53828a4a84a66179dcdfde', 'width': 300}, {'height': 64, 'url': 'https://i.scdn.co/image/ab67616d00004851de53828a4a84a66179dcdfde', 'width': 64}]"
Saved,0.5122222222222222,0.6466666666666667,-7.74488888888889,0.0394333333333333,0.289,0.0014907777777777,0.1510222222222222,0.4852222222222222,119.44333333333331,1,0,4,Saved,"[{'height': 640, 'url': 'https://i.scdn.co/image/ab67616d0000b273d0789bcb434ebcc1f9727ae8', 'width': 640}, {'height': 300, 'url': 'https://i.scdn.co/image/ab67616d00001e02d0789bcb434ebcc1f9727ae8', 'width': 300}, {'height': 64, 'url': 'https://i.scdn.co/image/ab67616d00004851d0789bcb434ebcc1f9727ae8', 'width': 64}]"
Self Portrait,0.5437916666666667,0.3965416666666666,-10.487041666666666,0.0381291666666666,0.7364999999999999,0.0521206791666666,0.1752458333333333,0.589625,116.30545833333332,1,0,4,Self Portrait,"[{'height': 640, 'url': 'https://i.scdn.co/image/ab67616d0000b27337a4208dc0fb7b1f7d6b6b56', 'width': 640}, {'height': 300, 'url': 'https://i.scdn.co/image/ab67616d00001e0237a4208dc0fb7b1f7d6b6b56', 'width': 300}, {'height': 64, 'url': 'https://i.scdn.co/image/ab67616d0000485137a4208dc0fb7b1f7d6b6b56', 'width': 64}]"
Shadow Kingdom,0.5151428571428571,0.3705,-11.465928571428572,0.0533214285714285,0.6752142857142857,0.0043098907142857,0.3305714285714285,0.3966428571428571,123.477,1,2,4,Shadow Kingdom,"[{'height': 640, 'url': 'https://i.scdn.co/image/ab67616d0000b273ce38c202bc194b2256642678', 'width': 640}, {'height': 300, 'url': 'https://i.scdn.co/image/ab67616d00001e02ce38c202bc194b2256642678', 'width': 300}, {'height': 64, 'url': 'https://i.scdn.co/image/ab67616d00004851ce38c202bc194b2256642678', 'width': 64}]"
Shadows in the Night,0.2955,0.03607,-22.8764,0.03517,0.883,0.000967882,0.11742,0.15692,112.6845,1,2,4,Shadows in the Night,"[{'height': 640, 'url': 'https://i.scdn.co/image/ab67616d0000b273102f09ad3fd0578545ee4cf0', 'width': 640}, {'height': 300, 'url': 'https://i.scdn.co/image/ab67616d00001e02102f09ad3fd0578545ee4cf0', 'width': 300}, {'height': 64, 'url': 'https://i.scdn.co/image/ab67616d00004851102f09ad3fd0578545ee4cf0', 'width': 64}]"
Shot Of Love,0.5504,0.51029,-13.0582,0.04198,0.33524,0.000526676,0.14874,0.6317,124.7147,1,10,4,Shot Of Love,"[{'height': 640, 'url': 'https://i.scdn.co/image/ab67616d0000b273fad6a06dba0f637726d5022b', 'width': 640}, {'height': 300, 'url': 'https://i.scdn.co/image/ab67616d00001e02fad6a06dba0f637726d5022b', 'width': 300}, {'height': 64, 'url': 'https://i.scdn.co/image/ab67616d00004851fad6a06dba0f637726d5022b', 'width': 64}]"
Slow Train Coming,0.7073333333333333,0.4951111111111111,-10.715222222222222,0.0821444444444444,0.4113333333333333,9.431111111111111e-05,0.0921,0.7101111111111111,128.399,1,2,4,Slow Train Coming,"[{'height': 640, 'url': 'https://i.scdn.co/image/ab67616d0000b273e969b7bfe58c8fe5019310b1', 'width': 640}, {'height': 300, 'url': 'https://i.scdn.co/image/ab67616d00001e02e969b7bfe58c8fe5019310b1', 'width': 300}, {'height': 64, 'url': 'https://i.scdn.co/image/ab67616d00004851e969b7bfe58c8fe5019310b1', 'width': 64}]"
"Springtime in New York: The Bootleg Series, Vol. 16 / 1980-1985",0.5796,0.59272,-8.89296,0.050024,0.337852,0.0194569516,0.208812,0.59548,127.43704,1,9,4,"Springtime in New York: The Bootleg Series, Vol. 16 / 1980-1985","[{'height': 640, 'url': 'https://i.scdn.co/image/ab67616d0000b273f3fc007950f80f6f75954962', 'width': 640}, {'height': 300, 'url': 'https://i.scdn.co/image/ab67616d00001e02f3fc007950f80f6f75954962', 'width': 300}, {'height': 64, 'url': 'https://i.scdn.co/image/ab67616d00004851f3fc007950f80f6f75954962', 'width': 64}]"
Street-Legal,0.4975555555555555,0.521,-11.176,0.0350222222222222,0.2924444444444444,3.463888888888889e-05,0.1322555555555555,0.6316666666666666,130.4081111111111,1,2,4,Street-Legal,"[{'height': 640, 'url': 'https://i.scdn.co/image/ab67616d0000b273fb91d62490c637ac95c747cf', 'width': 640}, {'height': 300, 'url': 'https://i.scdn.co/image/ab67616d00001e02fb91d62490c637ac95c747cf', 'width': 300}, {'height': 64, 'url': 'https://i.scdn.co/image/ab67616d00004851fb91d62490c637ac95c747cf', 'width': 64}]"
Tell Tale Signs: The Bootleg Series Vol. 8 (Deluxe Edition),0.5397692307692308,0.5586410256410256,-9.115666666666668,0.050676923076923,0.3875603333333333,0.0123415223076923,0.2791692307692308,0.4703589743589744,127.65207692307692,1,0,4,Tell Tale Signs: The Bootleg Series Vol. 8 (Deluxe Edition),"[{'height': 640, 'url': 'https://i.scdn.co/image/ab67616d0000b273c42fafa92785c984e8c4a6e4', 'width': 640}, {'height': 300, 'url': 'https://i.scdn.co/image/ab67616d00001e02c42fafa92785c984e8c4a6e4', 'width': 300}, {'height': 64, 'url': 'https://i.scdn.co/image/ab67616d00004851c42fafa92785c984e8c4a6e4', 'width': 64}]"
Tempest,0.5946,0.5702,-10.1814,0.0538,0.6261,0.0015225,0.1567,0.5698000000000001,120.19570000000002,1,7,4,Tempest,"[{'height': 640, 'url': 'https://i.scdn.co/image/ab67616d0000b27310e67dc9176f50e7a41748c6', 'width': 640}, {'height': 300, 'url': 'https://i.scdn.co/image/ab67616d00001e0210e67dc9176f50e7a41748c6', 'width': 300}, {'height': 64, 'url': 'https://i.scdn.co/image/ab67616d0000485110e67dc9176f50e7a41748c6', 'width': 64}]"
The Basement Tapes,0.4852916666666667,0.6215833333333334,-6.8120416666666666,0.0519458333333333,0.536875,0.04424407375,0.1929999999999999,0.6374166666666666,123.63833333333334,1,7,4,The Basement Tapes,"[{'height': 640, 'url': 'https://i.scdn.co/image/ab67616d0000b273f14967058439072a2d3c5f50', 'width': 640}, {'height': 300, 'url': 'https://i.scdn.co/image/ab67616d00001e02f14967058439072a2d3c5f50', 'width': 300}, {'height': 64, 'url': 'https://i.scdn.co/image/ab67616d00004851f14967058439072a2d3c5f50', 'width': 64}]"
"The Basement Tapes Complete: The Bootleg Series, Vol. 11 (Deluxe Edition)",0.50462,0.37508,-11.68454,0.032208,0.54835,0.0253148698,0.1934499999999999,0.6087,108.29176,1,2,4,"The Basement Tapes Complete: The Bootleg Series, Vol. 11 (Deluxe Edition)","[{'height': 640, 'url': 'https://i.scdn.co/image/ab67616d0000b273cb80cb2e85f092c249e3a8bb', 'width': 640}, {'height': 300, 'url': 'https://i.scdn.co/image/ab67616d00001e02cb80cb2e85f092c249e3a8bb', 'width': 300}, {'height': 64, 'url': 'https://i.scdn.co/image/ab67616d00004851cb80cb2e85f092c249e3a8bb', 'width': 64}]"
The Bootleg Series Volumes 1-3 (Rare And Unreleased) 1961-1991,0.51984,0.386398,-11.37974,0.065536,0.6609235999999999,0.0244307735999999,0.191358,0.52676,125.97248,1,7,4,The Bootleg Series Volumes 1-3 (Rare And Unreleased) 1961-1991,"[{'height': 640, 'url': 'https://i.scdn.co/image/ab67616d0000b273361e855f50d440d1e0819e9b', 'width': 640}, {'height': 300, 'url': 'https://i.scdn.co/image/ab67616d00001e02361e855f50d440d1e0819e9b', 'width': 300}, {'height': 64, 'url': 'https://i.scdn.co/image/ab67616d00004851361e855f50d440d1e0819e9b', 'width': 64}]"
"The Bootleg Series, Vol. 5 - Bob Dylan Live 1975: The Rolling Thunder Revue",0.4607727272727273,0.7076363636363636,-8.005045454545455,0.0818090909090909,0.3098772727272727,0.0079415527272727,0.880090909090909,0.5395454545454546,133.01268181818182,1,0,4,"The Bootleg Series, Vol. 5 - Bob Dylan Live 1975: The Rolling Thunder Revue","[{'height': 640, 'url': 'https://i.scdn.co/image/ab67616d0000b27347a648ccf826589d6204aa74', 'width': 640}, {'height': 300, 'url': 'https://i.scdn.co/image/ab67616d00001e0247a648ccf826589d6204aa74', 'width': 300}, {'height': 64, 'url': 'https://i.scdn.co/image/ab67616d0000485147a648ccf826589d6204aa74', 'width': 64}]"
The Bootleg Volume 6: Bob Dylan Live 1964 - Concert At Philharmonic Hall,0.5064736842105263,0.5031578947368421,-10.052684210526316,0.2464631578947368,0.7401052631578947,4.563684210526316e-06,0.8306315789473684,0.4778947368421052,135.23026315789474,1,7,4,The Bootleg Volume 6: Bob Dylan Live 1964 - Concert At Philharmonic Hall,"[{'height': 640, 'url': 'https://i.scdn.co/image/ab67616d0000b273f00ed740acc244e95956ac27', 'width': 640}, {'height': 300, 'url': 'https://i.scdn.co/image/ab67616d00001e02f00ed740acc244e95956ac27', 'width': 300}, {'height': 64, 'url': 'https://i.scdn.co/image/ab67616d00004851f00ed740acc244e95956ac27', 'width': 64}]"
The Complete Budokan 1978 (Live),0.4955,0.49725,-10.611300000000002,0.0442739999999999,0.374964,0.0526203002,0.41387,0.5629339999999999,117.46358,1,0,4,The Complete Budokan 1978 (Live),"[{'height': 640, 'url': 'https://i.scdn.co/image/ab67616d0000b273582b2e404a5748a817510e42', 'width': 640}, {'height': 300, 'url': 'https://i.scdn.co/image/ab67616d00001e02582b2e404a5748a817510e42', 'width': 300}, {'height': 64, 'url': 'https://i.scdn.co/image/ab67616d00004851582b2e404a5748a817510e42', 'width': 64}]"
"The Cutting Edge 1965-1966: The Bootleg Series, Vol.12 (Deluxe Edition)",0.60044,0.413338,-12.07976,0.074976,0.58606,0.0008607262,0.187284,0.6216,124.00806,1,0,4,"The Cutting Edge 1965-1966: The Bootleg Series, Vol.12 (Deluxe Edition)","[{'height': 640, 'url': 'https://i.scdn.co/image/ab67616d0000b2734d183b8ffd94d56d1cebcadf', 'width': 640}, {'height': 300, 'url': 'https://i.scdn.co/image/ab67616d00001e024d183b8ffd94d56d1cebcadf', 'width': 300}, {'height': 64, 'url': 'https://i.scdn.co/image/ab67616d000048514d183b8ffd94d56d1cebcadf', 'width': 64}]"
The Freewheelin' Bob Dylan,0.5540769230769231,0.2290230769230769,-17.246076923076924,0.0495076923076923,0.8163846153846154,0.0009531469230769,0.1516307692307692,0.5924615384615385,119.68453846153844,1,2,4,The Freewheelin' Bob Dylan,"[{'height': 640, 'url': 'https://i.scdn.co/image/ab67616d0000b2737d214af8499aa95ad220f573', 'width': 640}, {'height': 300, 'url': 'https://i.scdn.co/image/ab67616d00001e027d214af8499aa95ad220f573', 'width': 300}, {'height': 64, 'url': 'https://i.scdn.co/image/ab67616d000048517d214af8499aa95ad220f573', 'width': 64}]"
The Real Royal Albert Hall 1966 Concert (Live),0.3573333333333333,0.6430666666666667,-10.432466666666668,0.10344,0.42988,0.0004886406666666,0.66572,0.3646666666666666,136.01893333333334,1,2,4,The Real Royal Albert Hall 1966 Concert (Live),"[{'height': 640, 'url': 'https://i.scdn.co/image/ab67616d0000b273e2924c262e042aa0657efb61', 'width': 640}, {'height': 300, 'url': 'https://i.scdn.co/image/ab67616d00001e02e2924c262e042aa0657efb61', 'width': 300}, {'height': 64, 'url': 'https://i.scdn.co/image/ab67616d00004851e2924c262e042aa0657efb61', 'width': 64}]"
The Rolling Thunder Revue: The 1975 Live Recordings (Sampler),0.4852999999999999,0.5656399999999999,-12.5513,0.07224,0.4131999999999999,1.601e-05,0.7633,0.7147,132.7235,1,0,4,The Rolling Thunder Revue: The 1975 Live Recordings (Sampler),"[{'height': 640, 'url': 'https://i.scdn.co/image/ab67616d0000b273ff01644ae27495ac9f2dfccc', 'width': 640}, {'height': 300, 'url': 'https://i.scdn.co/image/ab67616d00001e02ff01644ae27495ac9f2dfccc', 'width': 300}, {'height': 64, 'url': 'https://i.scdn.co/image/ab67616d00004851ff01644ae27495ac9f2dfccc', 'width': 64}]"
The Times They Are A-Changin',0.5412,0.2227999999999999,-13.4616,0.03682,0.8657999999999999,0.000806881,0.14974,0.4165999999999999,113.0743,1,0,4,The Times They Are A-Changin',"[{'height': 640, 'url': 'https://i.scdn.co/image/ab67616d0000b2733b812eed53f0d7e134fe446e', 'width': 640}, {'height': 300, 'url': 'https://i.scdn.co/image/ab67616d00001e023b812eed53f0d7e134fe446e', 'width': 300}, {'height': 64, 'url': 'https://i.scdn.co/image/ab67616d000048513b812eed53f0d7e134fe446e', 'width': 64}]"
The Witmark Demos: 1962-1964 (The Bootleg Series Vol. 9),0.5582765957446809,0.1972234042553191,-15.747872340425532,0.0463446808510638,0.8968510638297873,0.0822789829787234,0.1559978723404255,0.5374468085106383,118.70972340425531,1,2,4,The Witmark Demos: 1962-1964 (The Bootleg Series Vol. 9),"[{'height': 640, 'url': 'https://i.scdn.co/image/ab67616d0000b2738d9a9f36c321909601535422', 'width': 640}, {'height': 300, 'url': 'https://i.scdn.co/image/ab67616d00001e028d9a9f36c321909601535422', 'width': 300}, {'height': 64, 'url': 'https://i.scdn.co/image/ab67616d000048518d9a9f36c321909601535422', 'width': 64}]"
Time Out Of Mind,0.4823636363636364,0.4715454545454545,-13.121999999999998,0.0418454545454545,0.4872727272727273,0.0123146045454545,0.1401363636363636,0.4354545454545455,115.4031818181818,1,1,4,Time Out Of Mind,"[{'height': 640, 'url': 'https://i.scdn.co/image/ab67616d0000b273fa4240ed863bbd8bec6e9c34', 'width': 640}, {'height': 300, 'url': 'https://i.scdn.co/image/ab67616d00001e02fa4240ed863bbd8bec6e9c34', 'width': 300}, {'height': 64, 'url': 'https://i.scdn.co/image/ab67616d00004851fa4240ed863bbd8bec6e9c34', 'width': 64}]"
Together Through Life,0.6003999999999999,0.5882,-7.820399999999999,0.0343099999999999,0.2753,0.000375744,0.26792,0.6342000000000001,110.6537,1,9,4,Together Through Life,"[{'height': 640, 'url': 'https://i.scdn.co/image/ab67616d0000b2739c239fa8f7d68820aff40309', 'width': 640}, {'height': 300, 'url': 'https://i.scdn.co/image/ab67616d00001e029c239fa8f7d68820aff40309', 'width': 300}, {'height': 64, 'url': 'https://i.scdn.co/image/ab67616d000048519c239fa8f7d68820aff40309', 'width': 64}]"
"Travelin' Thru, 1967 - 1969: The Bootleg Series, Vol. 15 (Sampler)",0.5860666666666667,0.4408533333333333,-13.766,0.0438866666666666,0.5807333333333333,0.0071209313333333,0.1261866666666666,0.7243333333333334,126.06966666666668,1,9,4,"Travelin' Thru, 1967 - 1969: The Bootleg Series, Vol. 15 (Sampler)","[{'height': 640, 'url': 'https://i.scdn.co/image/ab67616d0000b273e13ae64046e6493080ef9738', 'width': 640}, {'height': 300, 'url': 'https://i.scdn.co/image/ab67616d00001e02e13ae64046e6493080ef9738', 'width': 300}, {'height': 64, 'url': 'https://i.scdn.co/image/ab67616d00004851e13ae64046e6493080ef9738', 'width': 64}]"
Triplicate,0.4239,0.2447,-12.099133333333333,0.0318833333333333,0.9066333333333334,0.0026067963333333,0.11355,0.2246,115.59933333333332,1,1,4,Triplicate,"[{'height': 640, 'url': 'https://i.scdn.co/image/ab67616d0000b273b022dcb9f6e5911182135742', 'width': 640}, {'height': 300, 'url': 'https://i.scdn.co/image/ab67616d00001e02b022dcb9f6e5911182135742', 'width': 300}, {'height': 64, 'url': 'https://i.scdn.co/image/ab67616d00004851b022dcb9f6e5911182135742', 'width': 64}]"
"Trouble No More: The Bootleg Series, Vol. 13 / 1979-1981 (Deluxe Edition)",0.53692,0.534878,-13.41,0.05043,0.3958508,0.0004668106,0.5563199999999999,0.59088,125.76324,1,2,4,"Trouble No More: The Bootleg Series, Vol. 13 / 1979-1981 (Deluxe Edition)","[{'height': 640, 'url': 'https://i.scdn.co/image/ab67616d0000b27385443ed2ee74c2ed3b52571d', 'width': 640}, {'height': 300, 'url': 'https://i.scdn.co/image/ab67616d00001e0285443ed2ee74c2ed3b52571d', 'width': 300}, {'height': 64, 'url': 'https://i.scdn.co/image/ab67616d0000485185443ed2ee74c2ed3b52571d', 'width': 64}]"
Under The Red Sky,0.6138,0.6857,-10.5247,0.04128,0.3599,0.00491546,0.14962,0.665,118.6587,1,3,4,Under The Red Sky,"[{'height': 640, 'url': 'https://i.scdn.co/image/ab67616d0000b2736af10c3ceb263d3a0e4504cc', 'width': 640}, {'height': 300, 'url': 'https://i.scdn.co/image/ab67616d00001e026af10c3ceb263d3a0e4504cc', 'width': 300}, {'height': 64, 'url': 'https://i.scdn.co/image/ab67616d000048516af10c3ceb263d3a0e4504cc', 'width': 64}]"
World Gone Wrong,0.4962,0.2653,-13.8094,0.03327,0.8252,0.006082008,0.12689,0.4051999999999999,119.8589,1,2,4,World Gone Wrong,"[{'height': 640, 'url': 'https://i.scdn.co/image/ab67616d0000b2739f4078d50693fb1fd6506a45', 'width': 640}, {'height': 300, 'url': 'https://i.scdn.co/image/ab67616d00001e029f4078d50693fb1fd6506a45', 'width': 300}, {'height': 64, 'url': 'https://i.scdn.co/image/ab67616d000048519f4078d50693fb1fd6506a45', 'width': 64}]"
